feature,mean_abs_SMD,max_abs_SMD,valid_pairs,mean_Wasserstein
neighbor_count,1.2266607308472621,2.8962001273450366,10,2.1093628958760537
residual_norm,0.9827429030706052,1.8290665295908017,10,0.11718117615438113
residual_final_norm,0.9434065365006539,1.7787259178623465,10,0.25519001492147325
mean_relative_speed,0.9298244526308382,1.9034061375193823,10,0.18796436886044574
max_relative_speed,0.8512602763519206,1.6396259429471904,10,0.32401646071607343
max_neighbor_distance,0.6823523484179881,1.4183554864730277,10,2.035629567634053
correction_ratio,0.6480074010443972,1.6022628588613361,10,0.39448032832869123
mean_neighbor_distance,0.6388962334041924,1.323848662264834,10,1.0710937485196859
median_neighbor_distance,0.5913186906920382,1.298063282727518,10,1.1164699653261525
attention_entropy,0.4993465374694928,1.061966366120584,10,0.10807993597808377
attention_top2_sum,0.429263367939462,1.0576215077588955,10,0.07373397327022002
nearest_neighbor_distance,0.3985007302216167,1.011027408214896,10,0.42826817203473944
attention_max,0.3911837558614372,1.1734464277727648,10,0.0685443336838641
mean_closing_speed,0.1548687310201004,0.29445390891271744,10,0.06601556938336138
max_closing_speed,0.11584670456655952,0.25702082982968716,10,0.09798277631507121
