scene,feature,sample_count,mean,std,median,p10,p25,p75,p90,p95
eth,neighbor_count,66,4.590909090909091,2.7134751995185447,5.0,0.0,3.0,7.0,8.0,8.0
eth,nearest_neighbor_distance,58,1.2633845405331974,0.514309997873069,1.0989574193954468,0.7905198812484742,0.9200235903263092,1.483904093503952,1.9050437450408941,2.1239903807640075
eth,mean_neighbor_distance,58,4.088690901666341,2.2873807716873564,3.3525661356747145,1.682515015602112,2.130577650666237,6.181777957826853,7.547987851500512,7.841072680056095
eth,median_neighbor_distance,58,3.829866371278105,2.4044592110690544,2.639391601085663,1.5738379418849946,1.807179182767868,6.57843080163002,7.661106729507447,7.859577572345733
eth,max_neighbor_distance,58,7.275472990397749,4.604300770186889,7.033118963241577,1.9477980494499207,3.002785623073578,10.131805658340454,13.227774047851566,16.223936557769775
eth,mean_relative_speed,58,0.6641973174608298,0.23605977542608514,0.7101938277725698,0.33955360790120365,0.48648671033178276,0.8457847553320947,0.9594964479057138,0.9983483280178549
eth,max_relative_speed,58,1.2067000664377487,0.5297729627292466,1.0504239253886718,0.5741310213127253,0.8575081968251319,1.7165154049512612,1.9382891345979754,1.9866312389067422
eth,mean_closing_speed,66,0.20995135684653027,0.25384514940349245,0.0984902121728417,0.0,0.0,0.3573208466412064,0.5752021532492009,0.7099804319619719
eth,max_closing_speed,66,0.31577210011164847,0.38653145800975863,0.1692508073578956,0.0,0.0,0.552542973595205,0.8012032989301545,0.9926876210094462
eth,attention_entropy,66,0.4733915378062984,0.21788902404182706,0.49765664880349225,0.0,0.44732970717466236,0.5830392617546496,0.7034861349222659,0.7897955857162933
eth,attention_max,66,0.5196951725484339,0.21244646346545082,0.583241286579469,0.0,0.4821838483297034,0.6469074696386523,0.6875,0.6875185280486159
eth,attention_top2_sum,66,0.7617716126986863,0.29413052033903514,0.8374897088215583,0.0,0.7708259292971735,0.9374999363152609,1.0,1.0
eth,residual_norm,66,0.3588502830727056,0.19209466605037398,0.3204544128700476,0.10046361198075478,0.23620935158693845,0.4590886183724462,0.6504579031022797,0.726172137884521
eth,residual_final_norm,66,0.7585470553265943,0.43865251399321403,0.6682276408440139,0.18809572940339447,0.44751375603592075,1.004110626898744,1.3985611844569343,1.6027508120564264
eth,correction_ratio,66,0.4585767742940816,1.1118318469032669,0.11822362073754741,0.06493246162847296,0.07636037946712707,0.21632304284637918,0.7882832020684163,1.94749940767913
eth,mean_signed_closing_speed,58,-0.2606911834384263,0.32863841812259137,-0.29822164176170896,-0.5846770347713662,-0.45811727820190257,-0.1218620982846865,0.11286982933712758,0.3650917644345637
eth,mean_positive_closing_speed,66,0.20995135684653027,0.25384514940349245,0.0984902121728417,0.0,0.0,0.3573208466412064,0.5752021532492009,0.7099804319619719
eth,max_signed_closing_speed,58,0.3166757465253058,0.4389696028062553,0.21105841721293472,-0.13361047244437743,-0.02375847418678026,0.6252897488641599,0.8422823739609494,1.0061199738499043
eth,base_ADE,66,1.142752097335234,0.7282280449747143,1.0094236703359662,0.4298776978704081,0.5518211797416979,1.5175262510976248,2.223966051068467,2.670156344351965
eth,SR_ADE,66,1.1138989472230332,0.6490348160275765,0.9040136617321219,0.4539321715887282,0.5783153457093378,1.536645141781912,2.2620661239402127,2.4015639729090434
eth,ADE_gain,66,0.02885315011220066,0.23039987403438547,-0.01975958314277905,-0.14152944859151356,-0.09427899758103997,0.11194648793013263,0.27837339161351254,0.4922453535661244
eth,base_FDE,66,2.2935182463399917,1.5231650855557213,2.2052103548901485,0.6532560426588969,0.9411862035405012,3.0759813639419686,4.584138443139568,4.952655795026464
eth,SR_FDE,66,2.219346011659112,1.3443153742243887,1.9258332498265303,0.7968011890334394,1.0021064607127723,3.113565150907839,4.486501658429482,4.762344192697605
eth,FDE_gain,66,0.0741722346808787,0.5788120895505809,-0.04314861477719481,-0.41252163404062514,-0.22762086088512035,0.23751533536374914,0.9294135983746875,1.3652365590006235
hotel,neighbor_count,154,4.3441558441558445,1.7851474897408852,4.0,3.0,3.0,5.0,7.0,8.0
hotel,nearest_neighbor_distance,154,1.2488323771334313,1.174987978967441,0.816723644733429,0.5495226562023163,0.6268768459558487,1.0007996559143066,3.4656592130661026,3.6968772411346436
hotel,mean_neighbor_distance,154,4.046755633153938,1.8288510477839832,3.8775463302930193,2.0130414565404253,2.7251345207293824,4.991486359387636,7.1219461277127305,7.799356243014335
hotel,median_neighbor_distance,154,4.359964727968364,2.1043915570048757,4.003794491291046,2.038365626335144,2.9061259627342224,5.347764492034912,7.94129354953766,8.67389051914215
hotel,max_neighbor_distance,154,6.414410634474321,2.911872912252848,6.16203236579895,2.9048100471496583,4.264712572097778,8.23490571975708,10.288058185577396,11.75626277923584
hotel,mean_relative_speed,154,0.34617793448189904,0.2045086877377256,0.2951606599380591,0.16713960087244217,0.20157930004289557,0.4274179355202999,0.623548942116964,0.7231932532744899
hotel,max_relative_speed,154,0.6694850580554335,0.33903534087213627,0.6787475764479827,0.2454208505520114,0.3399368543119797,0.9306971788067265,1.1268217147140396,1.2308633536169586
hotel,mean_closing_speed,154,0.2090201628970534,0.2621830054623029,0.075397719719283,0.0,0.0,0.36827907745502564,0.5996271386478501,0.6676284575651801
hotel,max_closing_speed,154,0.28762843477414457,0.35479895738164846,0.08193134586460561,0.0,0.0,0.5055442931527067,0.9242755633182028,1.0455867520140036
hotel,attention_entropy,154,0.5560893586716923,0.17017030735996244,0.5785158717844958,0.4606383621599877,0.5211712694441345,0.6476931105221148,0.705488632702544,0.7254095425944168
hotel,attention_max,154,0.5907567362031593,0.12095460682449811,0.5646701158959313,0.48047176299524397,0.5244134733943969,0.6041666666666666,0.6769736371568755,1.0
hotel,attention_top2_sum,154,0.8655538348529807,0.07457988111928406,0.8745527965093518,0.7708331497966084,0.8125000000551447,0.913727473628305,0.9742926833116334,1.0
hotel,residual_norm,154,0.11950691141542175,0.0673268287792963,0.10261712150730948,0.045945568586930205,0.0625017143868762,0.16721409982759922,0.21474254846199528,0.2403731574454846
hotel,residual_final_norm,154,0.2249945720244275,0.13420363076616837,0.19070005981461222,0.07901039290662769,0.11117883548344469,0.31982720274723314,0.41003891007811566,0.47215079564142576
hotel,correction_ratio,154,0.4349283144255174,0.6428852694634116,0.0848610042977716,0.05806171571417614,0.06948120223009115,0.6162706575113306,1.243086607934075,2.0125273651685602
hotel,mean_signed_closing_speed,154,-0.0541925430024437,0.23030742925441153,-0.1124374477411619,-0.2707733295680757,-0.19156940232333047,0.0189001739665621,0.24505664352725107,0.2986092979010888
hotel,mean_positive_closing_speed,154,0.2090201628970534,0.2621830054623029,0.075397719719283,0.0,0.0,0.36827907745502564,0.5996271386478501,0.6676284575651801
hotel,max_signed_closing_speed,154,0.2773085139520455,0.3653026286744663,0.08193134586460561,-0.029668275633200354,0.0,0.5055442931527067,0.9242755633182028,1.0455867520140036
hotel,base_ADE,154,0.37328178801223516,0.23953523223556827,0.35625038057586134,0.05700446394853983,0.16690175196656515,0.5147378251959227,0.6423869241828195,0.7472063509367597
hotel,SR_ADE,154,0.34998002838194325,0.22721708667615287,0.3448307013729368,0.0758102902056167,0.16577830155829787,0.4896898895114588,0.6149145298849136,0.7153176938475068
hotel,ADE_gain,154,0.023301759630291897,0.03967494345120332,0.017785942897454086,-0.024045370348490594,-0.0028221120896100844,0.04901754343250205,0.08030520481658276,0.09483913233113751
hotel,base_FDE,154,0.70848142937619,0.46241790831557705,0.7024466177733744,0.10324635820798178,0.29788791260052033,0.9942845892589578,1.2148383704472772,1.4342268140381549
hotel,SR_FDE,154,0.6678500413278813,0.43574360815787716,0.662743617354235,0.14841119153731547,0.29599164344137807,0.9258183873899436,1.1606965926554869,1.3855225509009956
hotel,FDE_gain,154,0.04063138804830867,0.08219088454117406,0.029835085082300088,-0.052967474935370615,-0.010902347858378118,0.09179810314802486,0.1559898441467267,0.18491928029138785
univ,neighbor_count,2836,8.0,0.0,8.0,8.0,8.0,8.0,8.0,8.0
univ,nearest_neighbor_distance,2836,0.7831665837272939,0.4320850895951081,0.6816621720790863,0.3963464945554733,0.5123783051967621,0.9137614667415619,1.3337395787239075,1.5991107523441315
univ,mean_neighbor_distance,2836,2.1225833531222156,0.9383203020993259,1.9102103114128113,1.2285586055368185,1.5054593840613961,2.483295150101185,3.337739299982786,3.98934643343091
univ,median_neighbor_distance,2836,2.2018787300447986,1.0486345853543872,1.9496330916881561,1.1658063381910324,1.505591720342636,2.618174761533737,3.5089173316955566,4.2006634175777435
univ,max_neighbor_distance,2836,3.1811891761207782,1.3833841661093822,2.845898151397705,1.8866251111030579,2.2800275087356567,3.711003601551056,4.922234535217285,5.790370225906372
univ,mean_relative_speed,2836,0.29048823803546175,0.14619243949506025,0.26442537361504637,0.13082739763388693,0.18057579042921817,0.3742797197346661,0.48423072346908125,0.5540353939514536
univ,max_relative_speed,2836,0.5357496774515464,0.23290623571948296,0.503865419712016,0.25645011450390115,0.3479656534941805,0.6962005261545906,0.8761052258948175,0.9641535486607344
univ,mean_closing_speed,2836,0.16929075633420052,0.12863993228285228,0.13843249131249682,0.044300485164437534,0.07852696305765937,0.22485830234544135,0.33668426801506707,0.4207094055109281
univ,max_closing_speed,2836,0.29748451236142814,0.20745691765807364,0.2518870263106976,0.06911980702942128,0.1392108623853135,0.4145706578683706,0.5921940966134691,0.7118246317270622
univ,attention_entropy,2836,0.43996648684687373,0.048098129884817466,0.43929198119622115,0.37656639589639945,0.40618210600373655,0.47560399452604235,0.5017837504717193,0.5172932139290751
univ,attention_max,2836,0.5295368218477619,0.05253397578343387,0.5208430594698863,0.458333333333353,0.49999999948800905,0.5625,0.6041665170453444,0.6249964359448622
univ,attention_top2_sum,2836,0.8065504238167928,0.05686357728686142,0.8124999991766897,0.7291666667778633,0.7708333333217369,0.854148383612103,0.8750000001261728,0.8958333333333334
univ,residual_norm,2836,0.10200349383564807,0.05037894337200877,0.09084933220930402,0.060288359536564286,0.06802586651874783,0.11822303780629291,0.1524110633243572,0.18711234392176165
univ,residual_final_norm,2836,0.19056998285084872,0.10761316825518104,0.16629186362916648,0.1045045901482652,0.1204600737905765,0.22081801430447762,0.29264912248982466,0.37124649393287035
univ,correction_ratio,2836,0.17976675444358325,0.26620874655540144,0.08134310118551266,0.04422418405229969,0.057312145083973184,0.1494153372931143,0.4508220313878216,0.724353822625589
univ,mean_signed_closing_speed,2836,-0.0020672668292001594,0.10955521048381629,-0.0026539205166263916,-0.12315755517752244,-0.06300648916469907,0.052652477886358795,0.13017009400947865,0.1818751339672479
univ,mean_positive_closing_speed,2836,0.16929075633420052,0.12863993228285228,0.13843249131249682,0.044300485164437534,0.07852696305765937,0.22485830234544135,0.33668426801506707,0.4207094055109281
univ,max_signed_closing_speed,2836,0.2969715678113246,0.2082718675105847,0.2518870263106976,0.06911980702942128,0.1392108623853135,0.4145706578683706,0.5921940966134691,0.7118246317270622
univ,base_ADE,2836,0.5246829679863666,0.3967704374701929,0.4258103492322518,0.1198825857350472,0.2468437305898174,0.713328594528465,1.0303651489255858,1.2563573362396847
univ,SR_ADE,2836,0.5063684927446003,0.3973394673235777,0.4038101155614651,0.10434567806379191,0.22939552319732176,0.6952864304312381,1.0114835035206702,1.239210669465825
univ,ADE_gain,2836,0.01831447524176636,0.03522621491885617,0.017635473331555657,-0.017169515378013304,0.00015216591305478033,0.03298829563137073,0.05467114393724642,0.07127588501981735
univ,base_FDE,2836,1.1122066306751037,0.8677408446686515,0.9148114981329551,0.21740483897295892,0.4861835915967214,1.5451735873887573,2.2240524147568355,2.6695044973851356
univ,SR_FDE,2836,1.0802387559917983,0.8695467713483795,0.8920693839623979,0.18677157086929694,0.45571520696057205,1.5059307855190656,2.1918633523579665,2.6289197844846406
univ,FDE_gain,2836,0.03196787468330543,0.07675429121324383,0.029419090040989738,-0.04070998218507435,-0.006201127427058964,0.06196242180899969,0.11050130426931792,0.15037454816338644
zara1,neighbor_count,304,5.029605263157895,2.369441940065365,5.0,2.0,3.0,8.0,8.0,8.0
zara1,nearest_neighbor_distance,302,1.431258000778836,1.585012569670044,0.8866634368896484,0.6071077585220337,0.7283625155687332,1.2245748043060303,2.932098698616028,4.854360127449035
zara1,mean_neighbor_distance,302,3.5733654484182167,1.560122174640438,3.3346436818440752,1.8403068356215955,2.420170169323683,4.419519364833832,5.352610664367677,6.07250426635146
zara1,median_neighbor_distance,302,3.443903267186209,1.7794134233247507,3.1153724193573,1.4918358981609345,2.057827889919281,4.499297320842743,5.688474512100221,6.641956478357314
zara1,max_neighbor_distance,302,5.845605435947709,2.3306573869707257,5.525476932525635,3.012436127662659,4.0722116231918335,7.62016761302948,9.342885208129884,9.61080207824707
zara1,mean_relative_speed,302,0.4715852203815465,0.21305618491444261,0.4613047191709806,0.20574544655319904,0.3348645760335006,0.5976884725840467,0.7868210891930475,0.8544083343568097
zara1,max_relative_speed,302,0.8157756671817454,0.30270524145789446,0.8747321800736275,0.32761791082912217,0.6786010087777898,1.011311370220752,1.1927733854590488,1.2043196074392766
zara1,mean_closing_speed,304,0.21147760208299024,0.21907779018164283,0.16437192232020037,0.0,0.025861257702601427,0.3022129107597672,0.48966982810831333,0.6863759998827921
zara1,max_closing_speed,304,0.3616861382690674,0.34738860340601446,0.2177277111583069,0.0,0.033250607817637036,0.6450254933003875,0.8540839254313314,0.9973557773639019
zara1,attention_entropy,304,0.5046394731577228,0.17140833712889328,0.5097193764429178,0.38882727262511846,0.45995880082415014,0.5936424271744596,0.67136586355088,0.7303769325876835
zara1,attention_max,304,0.5939716638597867,0.13721716903930817,0.5833333328347556,0.45967078166823255,0.5186225479543345,0.625000004566102,0.7291666666266261,1.0
zara1,attention_top2_sum,304,0.8626125703129581,0.11681314776815888,0.8751819954757454,0.7290938161905526,0.7916666666276241,0.9374994912709255,1.0,1.0
zara1,residual_norm,304,0.158474043628357,0.06435788847738554,0.1477946491082422,0.10306584322274594,0.11847191466644845,0.17651129539815402,0.22784708902486558,0.24994325883178103
zara1,residual_final_norm,304,0.2967361465650521,0.14383889660705831,0.2641539877277058,0.17752474139572508,0.21341669203546337,0.3250895689700551,0.4295739803588067,0.5074439482691565
zara1,correction_ratio,304,0.06980301526954187,0.0441528274885184,0.05976748079885786,0.043736001239929635,0.04808698219717957,0.07312765613315071,0.08852892571784636,0.15285883002140452
zara1,mean_signed_closing_speed,302,-0.08619043774149981,0.32427444623889157,-0.08289209450020525,-0.4890350134982899,-0.30833934811737196,0.09956328753560784,0.30883923978582695,0.38605167699544596
zara1,mean_positive_closing_speed,304,0.21147760208299024,0.21907779018164283,0.16437192232020037,0.0,0.025861257702601427,0.3022129107597672,0.48966982810831333,0.6863759998827921
zara1,max_signed_closing_speed,302,0.3367620802297243,0.39888627112117525,0.2209988462144744,-0.026417542903052923,0.03570230183032813,0.6459718680199393,0.8550566773847155,0.9983552192027593
zara1,base_ADE,304,0.43885871500263574,0.35342944050969627,0.33540237439791254,0.21448032650419735,0.25327514986901445,0.4734721069831286,0.719637779693281,1.0180925061175847
zara1,SR_ADE,304,0.42037316743447456,0.3594804205608228,0.32632743676741055,0.18351557849825942,0.22853666097024827,0.46360292437047534,0.699738966084806,0.9481606270988515
zara1,ADE_gain,304,0.018485547568161165,0.04950375472589305,0.018753557067539076,-0.04248178016531904,-0.012452580612124349,0.04814755431864516,0.07907055602832298,0.09385214361466246
zara1,base_FDE,304,0.894696555191761,0.8035443246549658,0.6491085334146385,0.3792839972325885,0.4622075714720716,0.9482645092636117,1.599024006798824,2.462760524433286
zara1,SR_FDE,304,0.8637044031497808,0.8085459158675918,0.645167143030394,0.3146540781795081,0.4320639233238127,0.9632542883258068,1.4868886210379386,2.265816281667037
zara1,FDE_gain,304,0.030992152041980223,0.12363846135173652,0.02992425883884202,-0.09861730177818695,-0.04564115876944049,0.08938563394860137,0.16381129757190335,0.20419526011462036
zara2,neighbor_count,672,7.260416666666667,1.2219636101308937,8.0,5.0,7.0,8.0,8.0,8.0
zara2,nearest_neighbor_distance,672,0.9356510160224778,0.6248361626161216,0.7960568368434906,0.549344128370285,0.6520680785179138,0.8127430230379105,1.6125035762786866,1.9723871350288378
zara2,mean_neighbor_distance,672,3.1808151892867875,1.2862029676564757,2.7850378081202507,1.9129251293838025,2.2764448411762714,3.8650332870227952,5.194812650680542,5.774977712404158
zara2,median_neighbor_distance,672,3.0329973365047147,1.526886236441387,2.634189710021019,1.4486845791339875,2.01253505051136,3.6161338165402412,5.604267597198486,6.142964673042297
zara2,max_neighbor_distance,672,5.89329975728123,2.3941129962676384,5.656404256820679,3.2267887115478517,4.045445561408997,6.979755997657776,9.038560485839843,10.974585103988643
zara2,mean_relative_speed,672,0.29143243096168436,0.1470868001786199,0.26066193966839757,0.14292016888432038,0.18944612400686886,0.38386068983454236,0.509897631678918,0.5764712113450664
zara2,max_relative_speed,672,0.6120345438630116,0.20950293866923536,0.5820102667391164,0.43313561221601415,0.4895149707895466,0.7028753039724366,0.9447477196695298,1.0148146590516454
zara2,mean_closing_speed,672,0.15524921307121567,0.15790817475839689,0.11701755385710676,0.00032523203738969595,0.01699838754330967,0.22077035900763547,0.40387353410479043,0.4872725056280793
zara2,max_closing_speed,672,0.28349578221675403,0.25380762258313205,0.25823954339692334,0.0004255085562158192,0.032044126924135156,0.44275893878649886,0.604316719612286,0.7387916936619029
zara2,attention_entropy,672,0.41609197544547893,0.07615476711846758,0.4024323827745808,0.328566114033863,0.3580721316869177,0.4632377649529439,0.518630130929684,0.5468551047934223
zara2,attention_max,672,0.5953715386799919,0.05945954528372726,0.6041647737692962,0.5194877232065626,0.555144903300418,0.6432681701612701,0.6666657070722762,0.6870264915152091
zara2,attention_top2_sum,672,0.8667747272292674,0.057022617815634336,0.8740708973101541,0.7916653376555587,0.831534008950746,0.9107664702561223,0.9374841927864376,0.956457664402607
zara2,residual_norm,672,0.10067819891819377,0.0590925132241172,0.07233791428879786,0.054025211228546074,0.05980624505957366,0.13401186988301717,0.1706534436836878,0.1974999289673926
zara2,residual_final_norm,672,0.18537229096362268,0.12353075790234226,0.13108181227640286,0.09535536770056026,0.10616856712083955,0.24403701335239797,0.31406176439610084,0.38339143136322507
zara2,correction_ratio,672,0.7682152629945685,0.6148599587634204,0.9981631522352572,0.04843563490535022,0.06564728304167237,1.2296839629066607,1.453100623780816,1.6673144838293361
zara2,mean_signed_closing_speed,672,-0.02676926673170741,0.16606614855054314,-0.03383979070546253,-0.20036959002026536,-0.12852484571915848,0.06943669451678193,0.16526722114302786,0.2610542939799537
zara2,mean_positive_closing_speed,672,0.15524921307121567,0.15790817475839689,0.11701755385710676,0.00032523203738969595,0.01699838754330967,0.22077035900763547,0.40387353410479043,0.4872725056280793
zara2,max_signed_closing_speed,672,0.2809662977676916,0.2573065868010941,0.25823954339692334,0.0004255085562158192,0.032044126924135156,0.44275893878649886,0.604316719612286,0.7387916936619029
zara2,base_ADE,672,0.2751292434620856,0.3817178009295065,0.059385226429727926,0.058593487629762055,0.05891319724463875,0.34739725779786645,0.7630049384182175,0.9874457601645895
zara2,SR_ADE,672,0.25059866600814906,0.3703354503237413,0.05902129457429968,0.030899625430449593,0.03525407224558954,0.32910760803849254,0.7493043055841724,0.9677563996992354
zara2,ADE_gain,672,0.024530577453936525,0.03694510532157202,0.023573781188942735,-0.018606199774119495,0.008692786519749385,0.030059665599074817,0.06726516428063964,0.09080359379102959
zara2,base_FDE,672,0.5785242036342781,0.8493971955945488,0.10815575265156607,0.10686567084058621,0.10699172558269084,0.6910855554612734,1.7058852500476787,2.3230808099936118
zara2,SR_FDE,672,0.5351106376717192,0.8264749016964167,0.11035098643667848,0.055955560759279405,0.06292100535178881,0.6351713193638755,1.6105389268630212,2.186140355853976
zara2,FDE_gain,672,0.04341356596255887,0.08224275961442819,0.04385434086360231,-0.04606500764089453,0.01141771529250869,0.05626356578291876,0.1296028662932291,0.17617410935373265
